{"paging":{"pageIndex":1,"pageSize":100,"total":15},"baseComponent":{"id":"AYUJwHxtzELq0Tr1v_qS","key":"fga-eps-mds_2022.2-Amis-Service","name":"2022.2-Amis-Service","qualifier":"TRK","measures":[{"metric":"duplicated_lines_density","value":"0.0","bestValue":true},{"metric":"functions","value":"18"},{"metric":"test_execution_time","value":"189"},{"metric":"test_failures","value":"0","bestValue":true},{"metric":"test_errors","value":"0","bestValue":true},{"metric":"security_rating","value":"1.0","bestValue":true},{"metric":"tests","value":"5"},{"metric":"files","value":"13"},{"metric":"complexity","value":"25"},{"metric":"ncloc","value":"471"},{"metric":"coverage","value":"87.0","bestValue":false},{"metric":"comment_lines_density","value":"6.5","bestValue":false}]},"components":[{"id":"AYUJ4GGTH6zCJqg1Muen","key":"fga-eps-mds_2022.2-Amis-Service:src/__init__.py","name":"__init__.py","qualifier":"FIL","path":"src/__init__.py","language":"py","measures":[{"metric":"complexity","value":"0"},{"metric":"functions","value":"0"},{"metric":"security_rating","value":"1.0","bestValue":true},{"metric":"ncloc","value":"0"},{"metric":"files","value":"1"},{"metric":"test_errors","value":"0","bestValue":true},{"metric":"duplicated_lines_density","value":"0.0","bestValue":true},{"metric":"test_failures","value":"0","bestValue":true}]},{"id":"AYUJyKmO3Gam36Xbcz2X","key":"fga-eps-mds_2022.2-Amis-Service:src/alunas/__init__.py","name":"__init__.py","qualifier":"FIL","path":"src/alunas/__init__.py","language":"py","measures":[{"metric":"complexity","value":"0"},{"metric":"functions","value":"0"},{"metric":"security_rating","value":"1.0","bestValue":true},{"metric":"ncloc","value":"0"},{"metric":"files","value":"1"},{"metric":"test_errors","value":"0","bestValue":true},{"metric":"duplicated_lines_density","value":"0.0","bestValue":true},{"metric":"test_failures","value":"0","bestValue":true}]},{"id":"AYUJyKmO3Gam36Xbcz2c","key":"fga-eps-mds_2022.2-Amis-Service:src/alunas","name":"alunas","qualifier":"DIR","path":"src/alunas","measures":[{"metric":"duplicated_lines_density","value":"0.0","bestValue":true},{"metric":"functions","value":"16"},{"metric":"test_execution_time","value":"189"},{"metric":"test_failures","value":"0","bestValue":true},{"metric":"test_errors","value":"0","bestValue":true},{"metric":"security_rating","value":"1.0","bestValue":true},{"metric":"tests","value":"5"},{"metric":"files","value":"6"},{"metric":"complexity","value":"21"},{"metric":"ncloc","value":"172"},{"metric":"coverage","value":"97.1","bestValue":false},{"metric":"comment_lines_density","value":"14.9","bestValue":false}]},{"id":"AYUJyKmO3Gam36Xbcz2f","key":"fga-eps-mds_2022.2-Amis-Service:src/config.py","name":"config.py","qualifier":"FIL","path":"src/config.py","language":"py","measures":[{"metric":"complexity","value":"0"},{"metric":"functions","value":"0"},{"metric":"ncloc","value":"6"},{"metric":"coverage","value":"100.0","bestValue":true},{"metric":"security_rating","value":"1.0","bestValue":true},{"metric":"comment_lines_density","value":"0.0","bestValue":false},{"metric":"files","value":"1"},{"metric":"test_errors","value":"0","bestValue":true},{"metric":"duplicated_lines_density","value":"0.0","bestValue":true},{"metric":"test_failures","value":"0","bestValue":true}]},{"id":"AYUJ7XtM3Gam36XbdiNz","key":"fga-eps-mds_2022.2-Amis-Service:coverage.xml","name":"coverage.xml","qualifier":"FIL","path":"coverage.xml","language":"xml","measures":[{"metric":"security_rating","value":"1.0","bestValue":true},{"metric":"comment_lines_density","value":"0.9","bestValue":false},{"metric":"ncloc","value":"229"},{"metric":"files","value":"1"},{"metric":"test_errors","value":"0","bestValue":true},{"metric":"duplicated_lines_density","value":"0.0","bestValue":true},{"metric":"test_failures","value":"0","bestValue":true}]},{"id":"AYUJyKmO3Gam36Xbcz2e","key":"fga-eps-mds_2022.2-Amis-Service:src/database.py","name":"database.py","qualifier":"FIL","path":"src/database.py","language":"py","measures":[{"metric":"complexity","value":"1"},{"metric":"functions","value":"1"},{"metric":"ncloc","value":"16"},{"metric":"coverage","value":"100.0","bestValue":true},{"metric":"security_rating","value":"1.0","bestValue":true},{"metric":"comment_lines_density","value":"0.0","bestValue":false},{"metric":"files","value":"1"},{"metric":"test_errors","value":"0","bestValue":true},{"metric":"duplicated_lines_density","value":"0.0","bestValue":true},{"metric":"test_failures","value":"0","bestValue":true}]},{"id":"AYUJyKmO3Gam36Xbcz2h","key":"fga-eps-mds_2022.2-Amis-Service:docker-compose.yml","name":"docker-compose.yml","qualifier":"FIL","path":"docker-compose.yml","language":"yaml","measures":[{"metric":"security_rating","value":"1.0","bestValue":true},{"metric":"files","value":"1"},{"metric":"test_errors","value":"0","bestValue":true},{"metric":"duplicated_lines_density","value":"0.0","bestValue":true},{"metric":"test_failures","value":"0","bestValue":true}]},{"id":"AYUJyKmO3Gam36Xbcz2d","key":"fga-eps-mds_2022.2-Amis-Service:src/main.py","name":"main.py","qualifier":"FIL","path":"src/main.py","language":"py","measures":[{"metric":"complexity","value":"1"},{"metric":"functions","value":"1"},{"metric":"ncloc","value":"12"},{"metric":"coverage","value":"88.9","bestValue":false},{"metric":"security_rating","value":"1.0","bestValue":true},{"metric":"comment_lines_density","value":"7.7","bestValue":false},{"metric":"files","value":"1"},{"metric":"test_errors","value":"0","bestValue":true},{"metric":"duplicated_lines_density","value":"0.0","bestValue":true},{"metric":"test_failures","value":"0","bestValue":true}]},{"id":"AYUJyKmO3Gam36Xbcz2W","key":"fga-eps-mds_2022.2-Amis-Service:src/alunas/model.py","name":"model.py","qualifier":"FIL","path":"src/alunas/model.py","language":"py","measures":[{"metric":"complexity","value":"0"},{"metric":"functions","value":"0"},{"metric":"ncloc","value":"14"},{"metric":"coverage","value":"100.0","bestValue":true},{"metric":"security_rating","value":"1.0","bestValue":true},{"metric":"comment_lines_density","value":"12.5","bestValue":false},{"metric":"files","value":"1"},{"metric":"test_errors","value":"0","bestValue":true},{"metric":"duplicated_lines_density","value":"0.0","bestValue":true},{"metric":"test_failures","value":"0","bestValue":true}]},{"id":"AYUJyKmO3Gam36Xbcz2Y","key":"fga-eps-mds_2022.2-Amis-Service:src/alunas/repository.py","name":"repository.py","qualifier":"FIL","path":"src/alunas/repository.py","language":"py","measures":[{"metric":"complexity","value":"8"},{"metric":"functions","value":"6"},{"metric":"ncloc","value":"29"},{"metric":"coverage","value":"96.4","bestValue":false},{"metric":"security_rating","value":"1.0","bestValue":true},{"metric":"comment_lines_density","value":"17.1","bestValue":false},{"metric":"files","value":"1"},{"metric":"test_errors","value":"0","bestValue":true},{"metric":"duplicated_lines_density","value":"0.0","bestValue":true},{"metric":"test_failures","value":"0","bestValue":true}]},{"id":"AYUJyKmO3Gam36Xbcz2b","key":"fga-eps-mds_2022.2-Amis-Service:src/alunas/router.py","name":"router.py","qualifier":"FIL","path":"src/alunas/router.py","language":"py","measures":[{"metric":"complexity","value":"8"},{"metric":"functions","value":"5"},{"metric":"ncloc","value":"48"},{"metric":"coverage","value":"91.4","bestValue":false},{"metric":"security_rating","value":"1.0","bestValue":true},{"metric":"comment_lines_density","value":"15.8","bestValue":false},{"metric":"files","value":"1"},{"metric":"test_errors","value":"0","bestValue":true},{"metric":"duplicated_lines_density","value":"0.0","bestValue":true},{"metric":"test_failures","value":"0","bestValue":true}]},{"id":"AYUJyKmO3Gam36Xbcz2Z","key":"fga-eps-mds_2022.2-Amis-Service:src/alunas/schema.py","name":"schema.py","qualifier":"FIL","path":"src/alunas/schema.py","language":"py","measures":[{"metric":"complexity","value":"0"},{"metric":"functions","value":"0"},{"metric":"ncloc","value":"18"},{"metric":"coverage","value":"100.0","bestValue":true},{"metric":"security_rating","value":"1.0","bestValue":true},{"metric":"comment_lines_density","value":"14.3","bestValue":false},{"metric":"files","value":"1"},{"metric":"test_errors","value":"0","bestValue":true},{"metric":"duplicated_lines_density","value":"0.0","bestValue":true},{"metric":"test_failures","value":"0","bestValue":true}]},{"id":"AYUorK0lKoV7o9jERJyh","key":"fga-eps-mds_2022.2-Amis-Service:sonar_metrics.py","name":"sonar_metrics.py","qualifier":"FIL","path":"sonar_metrics.py","language":"py","measures":[{"metric":"complexity","value":"2"},{"metric":"functions","value":"0"},{"metric":"ncloc","value":"36"},{"metric":"coverage","value":"0.0","bestValue":false},{"metric":"security_rating","value":"1.0","bestValue":true},{"metric":"comment_lines_density","value":"0.0","bestValue":false},{"metric":"files","value":"1"},{"metric":"test_errors","value":"0","bestValue":true},{"metric":"duplicated_lines_density","value":"0.0","bestValue":true},{"metric":"test_failures","value":"0","bestValue":true}]},{"id":"AYUJyKmO3Gam36Xbcz2g","key":"fga-eps-mds_2022.2-Amis-Service:src","name":"src","qualifier":"DIR","path":"src","measures":[{"metric":"duplicated_lines_density","value":"0.0","bestValue":true},{"metric":"functions","value":"18"},{"metric":"test_execution_time","value":"189"},{"metric":"test_failures","value":"0","bestValue":true},{"metric":"test_errors","value":"0","bestValue":true},{"metric":"security_rating","value":"1.0","bestValue":true},{"metric":"tests","value":"5"},{"metric":"files","value":"10"},{"metric":"complexity","value":"23"},{"metric":"ncloc","value":"206"},{"metric":"coverage","value":"97.0","bestValue":false},{"metric":"comment_lines_density","value":"13.1","bestValue":false}]},{"id":"AYUJyKmO3Gam36Xbcz2a","key":"fga-eps-mds_2022.2-Amis-Service:src/alunas/test_alunas.py","name":"test_alunas.py","qualifier":"FIL","path":"src/alunas/test_alunas.py","language":"py","measures":[{"metric":"complexity","value":"5"},{"metric":"functions","value":"5"},{"metric":"test_execution_time","value":"189"},{"metric":"ncloc","value":"63"},{"metric":"coverage","value":"100.0","bestValue":true},{"metric":"security_rating","value":"1.0","bestValue":true},{"metric":"comment_lines_density","value":"13.7","bestValue":false},{"metric":"tests","value":"5"},{"metric":"files","value":"1"},{"metric":"test_errors","value":"0","bestValue":true},{"metric":"duplicated_lines_density","value":"0.0","bestValue":true},{"metric":"test_failures","value":"0","bestValue":true}]}]}